Title	Artist	Label	Year	Date Added
Pangaea	Miles Davis	4 Men With Beards	2012	2013-04-22T13:31:49-07:00
Dark Magus	Miles Davis	4 Men With Beards	2011	2013-04-26T11:14:08-07:00
Julian Bream's Greatest Hits Volume Two	Julian Bream	ABC Westminster Gold	1972	2013-05-28T08:47:13-07:00
Dream A Little Dream	Cass Elliot	ABC/Dunhill Records	1968	2015-12-19T14:10:00-08:00
The Lonesome High	Robert Millis	Abduction	2016	2017-05-20T12:41:03-07:00
5 Cents A Piece	Climax Golden Twins	Abduction	2007	2014-02-18T16:23:14-08:00
Philomel / Wake	Milton Babbitt	Acoustic Research	1970	2017-01-16T14:19:21-08:00
Piano Sonata No. 3 / Duo For Violin And Piano	Roger Sessions	Acoustic Research	1971	2015-04-26T13:38:27-07:00
25 All Time Family Favorites	Unknown Artist	All Disc	0	2013-08-30T16:38:10-07:00
25 Most Beloved Melodies	Unknown Artist	All Disc	0	2013-10-02T12:57:45-07:00
Tree Of Life	Alpha & Omega	Alpha & Omega Records	1996	2013-05-19T09:29:43-07:00
Voice In The Wilderness	Alpha & Omega	Alpha & Omega Records	1996	2013-05-19T10:23:48-07:00
Cabin Fever	Tovah Olson	American Tapes	2006	2013-04-28T10:44:16-07:00
AGGREGATEPULSERIPPER (DAMAGED IIII) / 080114	Ben Vida	Amish Records	2011	2013-05-15T11:11:44-07:00
Le Soleil Des Eaux / Chronochromie / Les Bandar-Log	Pierre Boulez	Angel Records	1965	2013-05-21T10:51:33-07:00
In The Classic Style	Christopher Parkening	Angel Records	1968	2013-04-29T07:02:48-07:00
In The Spanish Style	Christopher Parkening	Angel Records	0	2013-05-28T13:31:49-07:00
Parkening Plays Bach	Christopher Parkening	Angel Records	1971	2013-05-28T08:04:15-07:00
The Christopher Parkening Album	Christopher Parkening	Angel Records	1974	2013-05-28T10:58:13-07:00
Piano Music Of Erik Satie, Vol. 1	Aldo Ciccolini	Angel Records	0	2013-05-22T15:49:39-07:00
Collages / Revelation And Fall	Roberto Gerhard	Angel Records	1968	2016-05-28T15:54:57-07:00
Quartet For The End Of Time	Olivier Messiaen	Angel Records	0	2016-11-25T14:42:58-08:00
Symphony No. 4 · Tapiola	Jean Sibelius	Angel Records	1978	2013-06-01T16:02:40-07:00
A Bach Celebration	Christopher Parkening	Angel Records	1985	2013-05-28T10:13:53-07:00
Plague Soundscapes	The Locust	Anti-	2003	2013-04-28T10:50:04-07:00
Koyaanisqatsi (Life Out Of Balance) (Original Soundtrack Album From The Motion Picture)	Philip Glass	Antilles	1983	2016-03-20T17:04:36-07:00
Pet	Son Of Earth	Apostasy Recordings	2007	2014-10-26T12:35:00-07:00
Plays Invasion Of The Body Snatchers	Dead Machines	Arbor	2009	2013-04-28T10:52:26-07:00
Texas Sharecropper And Songster	Mance Lipscomb	Arhoolie Records	0	2013-05-17T10:24:23-07:00
Duets 1976	Anthony Braxton	Arista	1976	2013-04-28T10:56:03-07:00
Alto Saxophone Improvisations 1979	Anthony Braxton	Arista	1979	2013-04-22T09:56:32-07:00
For Four Orchestras	Anthony Braxton	Arista	1978	2013-04-28T07:48:51-07:00
Five Pieces (1975)	Anthony Braxton	Arista	1975	2015-12-06T10:21:41-08:00
New York, Fall 1974	Anthony Braxton	Arista	1975	2013-04-28T08:06:44-07:00
Creative Orchestra Music 1976	Anthony Braxton	Arista	1976	2017-03-26T14:27:32-07:00
The Montreux / Berlin Concerts	Anthony Braxton	Arista	1977	2013-04-28T07:44:06-07:00
Beyond The Realms Of Dub (Dub Me Crazy! The Second Chapter)	Mad Professor	Ariwa	1982	2013-05-17T15:12:46-07:00
Dub Me Crazy Part 4 (Escape To The Asylum Of Dub)	Mad Professor	Ariwa	1983	2013-05-19T15:05:10-07:00
Dub Me Crazy 6: Schizophrenic Dub	Mad Professor	Ariwa	1986	2013-05-17T15:53:30-07:00
Dub Me Crazy 8: Experiments Of The Aural Kind	Mad Professor	Ariwa	1988	2013-05-19T16:39:24-07:00
Dub Me Crazy 12: Dub Maniacs On The Rampage	Mad Professor	Ariwa	1992	2013-05-19T10:57:06-07:00
Science And The Witch Doctor (Dub Me Crazy Part 9)	Mad Professor	Ariwa	1989	2013-05-19T15:47:42-07:00
The Shape Of Jazz To Come	Ornette Coleman	Atlantic	0	2013-10-05T16:48:12-07:00
Public Jestering	Lee Perry & Friends	Attack	1990	2014-02-22T15:23:54-08:00
The Battle For Jerusalem: The Six Day War	No Artist	Audio Rarities	0	2015-12-26T15:24:48-08:00
Howard	The Tenses	audioMER.	2014	2014-05-26T11:29:26-07:00
Live!!	The Fifth Dimension	Bell Records	1971	2013-07-06T13:38:26-07:00
Birthdays	Francis Dhomont	Beniffer Editions	2012	2013-04-29T10:37:17-07:00
Ranie Burnette's Hill Country Blues	Ranie Burnette	Big Legal Mess Records	2012	2013-04-22T13:33:21-07:00
Ammmusic	AMM	Black Truffle	2016	2017-04-23T14:51:21-07:00
Untitled	Gang Wizard	Blackbean And Placenta Tape Club	2004	2013-05-14T07:29:02-07:00
Heart Of The Congos	The Congos	Blood & Fire	1996	2013-05-17T13:16:03-07:00
A Fifteenth Anniversary Album	Speculum Musicae	Bridge Records (4)	1985	2017-04-16T14:50:48-07:00
Musique Concrète	Various	Cacophonic	2016	2016-11-06T15:09:05-08:00
Tape Recorder Music	Otto Luening	Cacophonic	2013	2014-11-06T15:21:27-08:00
The First Family	Bob Booker	Cadence (2)	1962	2013-09-20T12:19:02-07:00
Ulysses:  Soliloquies Of Molly And Leopold Bloom	James Joyce	Caedmon Records	0	2016-04-23T11:37:02-07:00
Carter / Henze	Elliott Carter	Candide	1969	2015-10-31T11:12:18-07:00
Terretektorh · Nomos Gamma	Iannis Xenakis	Candide	1969	2013-06-10T08:26:40-07:00
Christmas In Ireland	The Little Dublin Singers	Capitol Records	0	2013-09-26T13:04:25-07:00
Daddy's Little Girl	Al Martino	Capitol Records	1967	2013-09-24T14:54:17-07:00
Mary In The Morning	Al Martino	Capitol Records	1967	2013-07-25T12:35:00-07:00
Galveston	Glen Campbell	Capitol Records	1969	2013-07-15T10:04:54-07:00
Oh Happy Day	Glen Campbell	Capitol Records	1970	2013-07-08T11:28:15-07:00
Revolver	The Beatles	Capitol Records	1971	2013-04-29T07:10:29-07:00
Gentle On My Mind	Glen Campbell	Capitol Records	1967	2013-07-09T10:45:09-07:00
By The Time I Get To Phoenix	Glen Campbell	Capitol Records	1967	2013-07-09T10:16:23-07:00
Magical Mystery Tour	The Beatles	Capitol Records	1967	2013-04-28T07:40:18-07:00
Sgt. Pepper's Lonely Hearts Club Band	The Beatles	Capitol Records	1968	2013-04-28T07:52:49-07:00
Sleepless Nights	Brooklyn Dreams	Casablanca	1979	2016-06-17T13:16:34-07:00
From Here To Eternity	Giorgio Moroder	Casablanca	1977	2015-12-27T13:19:56-08:00
R.U.R.	Vote Robot	Catsup Plate	1996	2014-05-01T18:50:01-07:00
Changes	John Williams (7)	CBS	1971	2013-05-24T08:51:19-07:00
Satyagraha	Philip Glass	CBS	1985	2015-12-31T16:10:02-08:00
Technical Series - Professional Test Record - Issue 3	No Artist	CBS Laboratories	0	2015-12-26T13:12:33-08:00
Manuel Ponce	John Williams (7)	CBS Masterworks	1978	2013-05-23T12:45:51-07:00
Boulez Conducts Schoenberg	Arnold Schoenberg	CBS Masterworks	1978	2016-11-05T17:14:26-07:00
Die Glückliche Hand / Lieder Op. 22 / Kammersinfonien 1 & 2 / Erwartung / Jakobsleiter / Drei Stücke (1910)	Arnold Schoenberg	CBS Masterworks	1982	2013-04-25T08:13:02-07:00
The Guitar Is The Song	John Williams (7)	CBS	1983	2013-05-23T13:58:04-07:00
Perez Prado Greats Plus Other Latin American Favorites	Perez Prado	Celebrity Records (3)	0	2013-07-23T11:40:08-07:00
Pierrot Lunaire / Concerto Op. 24	Arnold Schoenberg	Chandos	1984	2013-04-21T18:15:17-07:00
16 All-Time Greatest Hits	Bill Monroe & His Blue Grass Boys	Columbia	1970	2015-12-13T16:19:10-08:00
Somewhere My Love	Ray Conniff And The Singers	Columbia	1966	2013-10-03T13:36:55-07:00
It Must Be Him	Ray Conniff And The Singers	Columbia	1967	2013-09-24T13:50:10-07:00
Angel Of The Morning	Percy Faith And His Orchestra And Chorus	Columbia	1968	2013-09-20T12:22:12-07:00
Turn Around Look At Me	Ray Conniff And The Singers	Columbia	1968	2013-07-23T13:26:36-07:00
Percy Faith And His Orchestra Play The Academy Award Winning Theme From The Thomas Crown Affair And Other Great Movie Themes	Percy Faith & His Orchestra	Columbia	1969	2013-07-23T09:27:53-07:00
Greatest Hits Of The 60'S	André Kostelanetz	Columbia	1970	2013-07-24T11:44:22-07:00
I'll Never Fall In Love Again	André Kostelanetz	Columbia	1970	2013-07-23T12:39:50-07:00
Bridge Over Troubled Water	Simon & Garfunkel	Columbia	1970	2013-07-12T09:10:06-07:00
Concerto For Orchestra / In Praise Of Shahn (Canticle For Orchestra)	Elliott Carter	Columbia Masterworks	1970	2013-08-26T16:32:05-07:00
The Miraculous Mandarin (Complete) / Dance Suite	Pierre Boulez	Columbia Masterworks	1972	2016-06-17T14:15:41-07:00
Piano Sonata No. 1 / Piano Sonata No. 3: Trope, Constellation	Pierre Boulez	Columbia Masterworks	1973	2015-12-05T13:15:01-08:00
String Quartet No. 3 / String Quartet No. 2	Elliott Carter	Columbia Masterworks	1974	2013-08-27T13:50:26-07:00
Boulez Conducts Varèse: Amériques / Arcana / Ionisation	Edgard Varèse	Columbia Masterworks	1977	2016-09-03T12:38:41-07:00
John Williams And Friends	John Williams (7)	Columbia Masterworks	1976	2016-06-17T15:06:12-07:00
Gurre-Lieder	Pierre Boulez	Columbia Masterworks	1975	2013-04-23T13:30:25-07:00
The Best Of John Williams	John Williams (7)	Columbia Masterworks	1974	2013-05-24T09:39:45-07:00
A Survivor From Warsaw / Kol Nidre / Second Chamber Symphony	Arnold Schoenberg	Columbia Masterworks	1953	2013-05-29T11:41:12-07:00
Bach Organ Music Volume IV	Johann Sebastian Bach	Columbia Masterworks	0	2013-05-21T11:42:12-07:00
Le Marteau Sans Maître / Nr. 5 Zeitmasse For Five Woodwinds	Pierre Boulez	Columbia Masterworks	1958	2015-10-31T18:06:28-07:00
Music Of Edgar Varèse	Edgard Varèse	Columbia Masterworks	1960	2013-04-29T07:15:03-07:00
Clair De Lune:  A Debussy Piano Recital By Philippe Entremont	Claude Debussy	Columbia Masterworks	1960	2013-07-24T12:18:36-07:00
The Art Of The Fugue, Volume 1 (First Half) Fugues 1-9	Johann Sebastian Bach	Columbia Masterworks	1962	2013-06-07T08:19:57-07:00
Organ Symphony (No. 3 In C Minor, Op. 78)	Camille Saint-Saëns	Columbia Masterworks	1963	2013-09-13T12:40:03-07:00
Virtuoso Music For Guitar	John Williams (7)	Columbia Masterworks	1965	2013-05-31T13:54:32-07:00
William Tell And Other Favorite Overtures	Leonard Bernstein	Columbia Masterworks	1965	2013-08-30T15:46:24-07:00
The 17 Festival Sonatas For Organ And Orchestra	E. Power Biggs	Columbia Masterworks	1966	2014-05-11T12:57:48-07:00
Bernstein Conducts Bartok	Béla Bartók	Columbia Masterworks	1967	2013-08-26T13:39:59-07:00
New Electronic Music From Leaders Of The Avant-Garde	John Cage	Columbia Masterworks	1967	2016-05-06T12:45:43-07:00
Paganini: Guitar Trio - Haydn: Guitar Quartet	John Williams (7)	Columbia Masterworks	0	2013-05-29T08:20:52-07:00
Three Pieces For Orchestra / Chamber Concerto / Altenberg Lieder, Op. 4	Pierre Boulez	Columbia Masterworks	0	2016-07-03T14:23:04-07:00
Variations For Orchestra / Double Concerto	Elliott Carter	Columbia Masterworks	0	2013-05-14T10:02:17-07:00
Switched-On Bach	Walter Carlos	Columbia Masterworks	1970	2013-05-22T13:32:51-07:00
The Well-Tempered Synthesizer	Walter Carlos	Columbia Masterworks	1969	2013-05-22T15:06:12-07:00
Bach Organ Favorites, Vol. 4	E. Power Biggs	Columbia Masterworks	1970	2013-05-22T11:52:47-07:00
Symphony Of Three Orchestras /  A Mirror On Which To Dwell 	Elliott Carter	Columbia Masterworks	1980	2013-08-30T15:28:38-07:00
The Wooden Prince [Complete Ballet]	Pierre Boulez	Columbia Masterworks	1977	2016-05-08T14:45:19-07:00
La Péri (Complete Ballet) / Symphony No. 3	Pierre Boulez	Columbia Masterworks	1976	2017-01-16T17:08:37-08:00
A Rainbow In Curved Air	Terry Riley	Columbia Masterworks	2009	2013-04-28T07:46:28-07:00
Hollywood Serenade	Percy Faith & His Orchestra	Columbia Musical Treasuries	0	2013-10-29T13:18:01-07:00
Sessions : Piano Sonata No. 1 / Mayer : Piano Sonata	Roger Sessions	Composers Recordings Inc. (CRI)	1961	2013-06-24T13:48:11-07:00
Trombone Concerto/Contra Mortem Et Tempus/Janissary Music	Robert Parris	Composers Recordings Inc. (CRI)	1968	2016-04-16T09:55:31-07:00
Instrumental Music: Crasis, Gravities, Spectra, Chöd	Richard Felciano	Composers Recordings Inc. (CRI)	1976	2013-06-21T13:47:56-07:00
Chamber Concerto For Flute And Ten Players / Concerto For Wind Quintet	Charles Wuorinen	Composers Recordings Inc. (CRI)	0	2016-03-20T15:41:17-07:00
Three Song Cycles	David Del Tredici	Composers Recordings Inc. (CRI)	0	2017-01-29T14:46:16-08:00
Mr. And Mrs. Discobbolos / Concatenations, Exigencies / Music For Violin And Cello	Peter Westergaard	Composers Recordings Inc. (CRI)	1971	2017-01-15T15:26:25-08:00
Dorian Quintet Plays Fennelly, Moss, Stearns	Dorian Quintet	Composers Recordings Inc. (CRI)	1974	2013-07-18T16:46:31-07:00
Evanescences / String Quartet	Brian Fennelly	Composers Recordings Inc. (CRI)	1974	2013-06-26T12:15:54-07:00
Music Of Otto Luening	Otto Luening	Composers Recordings Inc. (CRI)	1975	2013-06-21T12:59:22-07:00
Microtonal Music: String Quartet No. 2 (1962) / Elegie - Nach Rilke	Ezra Sims	Composers Recordings Inc. (CRI)	1978	2013-06-21T14:40:15-07:00
Sonorous Reflections (Seven Set Pieces For 13 Players / Das Lied)	Francis Thorne	Composers Recordings Inc. (CRI)	1978	2017-01-20T14:32:15-08:00
Caprices On The Name Schönberg	Noël Lee	Composers Recordings Inc. (CRI)	1979	2013-07-02T14:48:32-07:00
Chamber Concerto For Tuba • Dialectic • Music For Ten Stringed Instruments	Charles Wuorinen	Composers Recordings Inc. (CRI)	1983	2013-06-24T14:29:24-07:00
String Quartets	Leon Kirchner	Composers Recordings Inc. (CRI)	1978	2013-07-03T13:49:43-07:00
String Quartet #VII	Ralph Shapey	Composers Recordings Inc. (CRI)	1978	2017-01-29T13:52:11-08:00
Symphonic Music (Symphony No. 2 / 3 Movements For Orchestra)	Robert Hall Lewis	Composers Recordings Inc. (CRI)	1975	2013-07-16T15:50:58-07:00
Quintette For Piano And Strings, Op. 92 / Three Moods	Leo Ornstein	Composers Recordings Inc. (CRI)	1975	2017-01-29T15:51:20-08:00
Riding The Wind I / Intermedio	Harvey Sollberger	Composers Recordings Inc. (CRI)	1976	2013-06-25T12:52:42-07:00
Songs In Praise Of Krishna	George Rochberg	Composers Recordings Inc. (CRI)	1976	2013-06-21T16:27:34-07:00
Voices And Instruments	Richard Wernick	Composers Recordings Inc. (CRI)	1977	2017-01-29T13:08:15-08:00
Music Of Tobias Picker	Tobias Picker	Composers Recordings Inc. (CRI)	1980	2017-01-28T17:05:44-08:00
The Da Capo Chamber Players Celebrate Their Tenth Anniversary	Da Capo Chamber Players	Composers Recordings Inc. (CRI)	1981	2016-05-30T13:41:18-07:00
Syzygy / Second Symphony	David Del Tredici	Composers Recordings Inc. (CRI)	1983	2013-06-25T13:34:24-07:00
Quartet For Trumpet, Tenor Saxophone, Percussion And Piano / Passacaglia / Sonata For Violin And Piano	Stefan Wolpe	Counterpoint / Esoteric Records	0	2016-05-30T12:10:48-07:00
The Lost Child & Other Original Fiddle Tunes Recorded 1928-36	Stripling Brothers	County Records	0	2015-10-18T10:36:40-07:00
Mise En Musique Du Corticalart De Roger Lafosse	Pierre Henry	Creel Pone	2005	2014-07-11T15:21:43-07:00
Independant Electronic Music Composer	Edward M. Zajda	Creel Pone	2005	2014-12-02T16:41:21-08:00
Greek Electronic Music - 1	Various	Creel Pone	2006	2014-09-12T14:06:48-07:00
Electronic Music University Of Melbourne	Various	Creel Pone	2006	2014-09-12T14:07:01-07:00
Lettre À Une Demoiselle	Christian Clozier	Creel Pone	2007	2014-07-11T15:29:59-07:00
Musiques Électroacoustiques	Edgardo Cantón	Creel Pone	2010	2014-12-02T17:14:48-08:00
Prismes	Pierre Henry	Creel Pone	2011	2014-07-11T15:22:38-07:00
Elektronische Musik	Josef Otto Mundigl	Creel Pone	2011	2014-11-24T17:51:15-08:00
April Orchestra Présente RCA Sound Vol. 5	Jarrell	Creel Pone	2012	2014-11-24T17:51:30-08:00
Electronic Works 1976-1977	David First	Dais Records	2014	2014-07-09T08:38:11-07:00
Nothing Here Now But The Recordings	William S. Burroughs	Dais Records	2016	2016-11-05T16:02:17-07:00
Foxy Lady	Crown Heights Affair	De-Lite Records	1975	2015-12-13T17:05:37-08:00
Sonata For Two Pianos And Percussion / Piano Concerto No. 1	Béla Bartók	Decca	1984	2013-06-06T13:05:41-07:00
España	Andrés Segovia	Decca	1968	2013-05-30T09:36:53-07:00
Three Centuries Of The Guitar	Andrés Segovia	Decca	1961	2013-06-08T12:58:35-07:00
(Third) Stunt	Giuseppe Ielasi	Dekorder	2010	2013-05-15T11:41:09-07:00
Werke Fur Gitarre / Works For Guitar	Johann Sebastian Bach	Deutsche Grammophon	1971	2013-05-28T14:11:58-07:00
Lulu-Suite • Altenberg-Lieder Op. 4 • Drei Orchester-Stücke Op. 6	Alban Berg	Deutsche Grammophon	1971	2013-06-07T11:23:03-07:00
Kammermusik • Chamber Music	Alban Berg	Deutsche Grammophon	1978	2013-06-07T12:32:51-07:00
Lulu Suite / Three Pieces For Orchestra / Five Orchestral Songs	Alban Berg	Deutsche Grammophon	1982	2013-04-22T07:38:31-07:00
5 Ētudes De Bruits - Ētude Aux Objets	Pierre Schaeffer	Disques Dreyfus	2010	2013-05-14T11:36:28-07:00
The Touch Of Leonard Nimoy	Leonard Nimoy	Dot Records	1969	2013-04-29T08:41:49-07:00
Piano Music Of Berg, Schoenberg And Webern	Alban Berg	Dover Publications	1967	2013-06-04T08:26:11-07:00
Le Microphone Bien Tempéré	Pierre Henry	Doxy	2009	2013-05-14T15:39:52-07:00
Le Voile D'Orphée	Pierre Henry	Doxy	2010	2013-10-16T14:34:00-07:00
Musique Sans Titre / Spatiodynamisme	Pierre Henry	Doxy	2010	2016-12-04T13:06:10-08:00
Haut-Voltage / Coexistence	Pierre Henry	Doxy	2010	2013-10-16T13:44:59-07:00
Le Voyage	Pierre Henry	Doxy	2013	2013-10-10T10:35:05-07:00
Particle Language	Matt Carlson	Draft	2011	2013-04-21T17:25:41-07:00
Twin Infinitives	Royal Trux	Drag City	2009	2014-07-26T10:44:12-07:00
Selected Works 1982-1992 	The Tapes	Ecstatic	2016	2016-03-05T15:30:08-08:00
Jeckyll Loves Hyde	Gang Wizard	Ecstatic Peace!	2003	2013-05-14T11:37:52-07:00
Stereo Mars	Lambsbread (2)	Ecstatic Peace!	2007	2013-05-13T10:50:11-07:00
Generators	Keith Fullerton Whitman	Editions Mego	2012	2013-05-15T12:03:26-07:00
Kubu / Zikir	Mark Fell	Editions Mego	2011	2013-04-29T07:01:50-07:00
Periodic Orbits Of A Dynamic System Related To A Knot	Mark Fell	Editions Mego	2011	2014-05-01T13:53:37-07:00
Deltas	Kassel Jaeger	Editions Mego	2012	2013-04-29T07:12:14-07:00
A History Of Every One	Bill Orcutt	Editions Mego	2013	2014-05-26T11:28:37-07:00
Old News No. 6	Jim O'Rourke	Editions Mego	2011	2013-05-14T09:45:22-07:00
Occlusions; Real Time Music For Hybrid Digital-Analogue Modular Synthesizer	Keith Fullerton Whitman	Editions Mego	2012	2013-04-22T13:28:45-07:00
Emperor Tomato Ketchup	Stereolab	Elektra	1996	2014-05-01T18:28:17-07:00
Devil's Music	Nicolas Collins	EM Records	2009	2013-04-29T08:37:17-07:00
Cursed Beast	SIXES	Enterruption	2006	2013-04-28T10:51:10-07:00
Double Concerto For Harpsichord And Piano With Two Chamber Orchestras - Concerto For Violin, Cello, Ten Winds And Percussion	Elliott Carter	Epic	1962	2015-12-14T20:49:11-08:00
Suite From Pocahontas / Piano Sonata	Elliott Carter	Epic	1962	2017-04-16T13:50:39-07:00
Behind Closed Doors	Charlie Rich	Epic	1973	2013-07-15T09:24:46-07:00
Stanley Clarke	Stanley Clarke	Epic	1981	2015-12-13T15:25:13-08:00
The Boundary Between The Living And The Deceased Dissolved	Blue Sabbath Black Cheer	Equation Records (2)	2012	2013-04-28T10:54:30-07:00
L'Ascension, Les Offrandes Oubliées, Hymne	Olivier Messiaen	Erato	1971	2017-04-23T13:36:20-07:00
Corpse On Horseback	Aaron Dilloway	Ergot Records (2)	2013	2013-10-10T12:40:02-07:00
Art Of The Fugue (Complete)	Johann Sebastian Bach	Everest	0	2013-05-19T12:33:31-07:00
Serenade Op. 24	Arnold Schoenberg	Everest	0	2016-07-02T11:37:47-07:00
Pierre Boulez Conducts Schoenberg, Eloy, Pousseur	Pierre Boulez	Everest	1968	2015-11-01T11:16:55-08:00
Salvador Kali	Rick Bishop	Exiled Records	2016	2017-05-20T12:03:45-07:00
Ghostwalking	New War	Fast Weapons	2011	2017-05-06T15:08:16-07:00
Mr. Wizard	R.L. Burnside	Fat Possum Records	0	2013-05-13T11:06:43-07:00
Pee-Wee Get My Gun	T-Model Ford	Fat Possum Records	2004	2013-04-22T13:40:33-07:00
Sad Days Lonely Nights	Junior Kimbrough And The Soul Blues Boys	Fat Possum Records	0	2013-04-22T13:37:19-07:00
Too Bad Jim	R.L. Burnside	Fat Possum Records	1994	2013-05-13T11:04:04-07:00
All Night Long	Junior Kimbrough And The Soul Blues Boys	Fat Possum Records	2009	2013-04-22T13:36:30-07:00
Most Things Haven't Worked Out	Junior Kimbrough	Fat Possum Records	2009	2013-04-22T13:34:47-07:00
Off Yonder Wall	The Jelly Roll Kings	Fat Possum Records	1997	2013-05-13T11:12:43-07:00
The Horror Of It All	Cedell Davis	Fat Possum Records	1998	2013-04-22T13:34:03-07:00
God Knows I Tried	Junior Kimbrough	Fat Possum Records	2009	2013-04-22T13:26:06-07:00
Worried	Asie Payton	Fat Possum Records	1999	2013-04-22T13:38:55-07:00
Wish I Was In Heaven Sitting Down	R.L. Burnside	Fat Possum Records	2000	2013-05-13T10:47:56-07:00
Mama Says I'm Crazy	Fred McDowell	Fat Possum Records	0	2013-04-22T13:32:38-07:00
Remember Me	Charles Caldwell	Fat Possum Records	2011	2013-05-13T11:14:18-07:00
Ain't A Gonna Lie To You	Joe Callicott	Fat Possum Records	2003	2013-04-22T13:39:29-07:00
First Recordings	R.L. Burnside	Fat Possum Records	2008	2013-04-22T13:35:23-07:00
Mule	Paul Jones (2)	Fat Possum Records	1998	2013-04-22T13:38:01-07:00
Takes One To Know One	Elmo Williams	Fat Possum Records	1997	2013-04-22T13:40:00-07:00
Come On In	R.L. Burnside	Fat Possum Records	1998	2013-05-13T10:46:35-07:00
Platinum Breakz	Various	FFRR	1996	2013-05-16T10:21:19-07:00
Pickin' The Blues	Doc & Merle Watson	Flying Fish (2)	1985	2015-10-04T16:08:32-07:00
American Banjo Tunes & Songs In Scruggs Style	Various	Folkways Records	1966	2013-05-16T12:54:36-07:00
New American Music Volume 3	Talib Rasul Hakim	Folkways Records	1975	2016-09-03T13:38:46-07:00
Deviate From Balance	John Wiese	Gilgongo Records	2015	2015-12-19T17:40:09-08:00
Heavyweight Dub Champion	Scientist	Greensleeves Records	1980	2013-05-16T12:22:14-07:00
Scientist Rids The World Of The Evil Curse Of The Vampires	Scientist	Greensleeves Records	1981	2013-05-17T11:04:41-07:00
Mister Yellowman	Yellowman	Greensleeves Records	1982	2013-05-17T16:41:19-07:00
Zungguzungguguzungguzeng	Yellowman	Greensleeves Records	1983	2013-05-22T08:48:00-07:00
16 Greatest Hits	Grandpa Jones	Gusto Records (2)	1977	2015-04-25T15:42:45-07:00
Modern Jester	Aaron Dilloway	Hanson Records	2012	2013-04-25T14:24:33-07:00
Trace	Phil Julian	Harbinger Sound	2014	2015-04-26T17:44:08-07:00
The Chanting Dread Inna Fine Style	Big Youth	Heartbeat Records (2)	1982	2013-05-30T13:44:10-07:00
Relief	Robert Millis	Helen Scarsdale Agency	2013	2014-02-18T16:49:38-08:00
The Decline Effect	Jim Haynes	Helen Scarsdale Agency	2011	2013-05-15T13:55:32-07:00
Free Piano b/w Hypersomnia	Merzbow	Helicopter	2005	2013-05-29T14:05:23-07:00
Computer Music From The University Of Illinois	Lejaren Hiller	Heliodor	1967	2016-03-06T16:14:21-08:00
The Young Fogies	Various	Heritage Records (7)	1985	2015-11-19T23:20:20-08:00
Squirrel Bait	Squirrel Bait	Homestead Records	1985	2014-05-01T18:08:35-07:00
There Is A Part Of Me That You Will Never Know	Wolf Eyes	Hospital Productions	2008	2013-06-07T10:52:12-07:00
Living With Ghosts	Sigha	Hotflush Recordings	2012	2013-04-22T13:21:20-07:00
Pierres Sacrées / Hazard And Tectonics	Iancu Dumitrescu	Ideologic Organ	2013	2013-10-05T17:34:53-07:00
12 Stationer VI	Ákos Rózmann	Ideologic Organ	2012	2013-04-29T07:13:43-07:00
Saxophone Improvisations Series F.	Anthony Braxton	Inner City Records	1976	2013-04-28T08:02:45-07:00
Reggae Greats	Linton Kwesi Johnson	Island Records	1984	2013-05-17T14:28:51-07:00
Quasar ⇔ Lanterns	Sergei Tcherepnin	ISSUE Project Room	2015	2015-08-11T19:00:37-07:00
Commandments Of Dub Chapter 2	Jah Shaka	Jah Shaka Music	1984	2013-05-17T11:51:50-07:00
Commandments Of Dub 4 - Dub Almighty	Jah Shaka	Jah Shaka Music	1985	2013-05-19T11:48:52-07:00
Part 2 - Addis Ababa	The Disciples (2)	Jah Shaka Music	1992	2013-05-17T08:08:41-07:00
The Commandments Of Dub	Jah Shaka	Jah Shaka Music	1982	2013-05-20T07:07:37-07:00
Fly Me To The Moon And The Bossa Nova Pops	Joe Harnell & His Orchestra	Kapp Records	1963	2013-10-02T14:27:24-07:00
Our Song	Jack Jones	Kapp Records	1967	2013-09-25T12:08:12-07:00
Silver Apples Of The Moon	Morton Subotnick	Karlrecords	2014	2014-05-11T13:38:15-07:00
La Légende D'Eer	Iannis Xenakis	Karlrecords	2016	2016-09-03T14:37:05-07:00
Douze Inventions En Six Modes De Jeu	Guy Reibel	Karlrecords	2015	2015-12-10T19:19:45-08:00
Complete Song Books	John Cage	Karlrecords	2016	2016-12-10T16:11:29-08:00
Grandpa Jones Sings His Greatest Hits	Grandpa Jones	King Records (3)	1958	2015-04-25T14:50:02-07:00
The 10 String Guitar Plays Spanish Classics	Joaquín Rodrigo	Klavier Records	1975	2013-05-29T09:55:23-07:00
Virgins	Tim Hecker	Kranky	2013	2014-05-26T16:42:29-07:00
Exotic Exit	Vanessa Rossetto	Kye	2012	2013-04-29T07:12:56-07:00
Whole Stories	Vanessa Rossetto	Kye	2014	2014-08-09T11:04:20-07:00
In Dubs	Roll The Dice	Leaf	2012	2013-04-22T13:30:53-07:00
Chamber Symphony Op. 9 / Variations Op. 31	Arnold Schoenberg	London Records	1969	2013-06-04T11:06:00-07:00
Arcana / Intégrales / Ionisation	Edgard Varèse	London Records	1972	2017-05-06T16:23:56-07:00
Mr. Music...	Mantovani	London Records	1966	2013-07-24T10:19:30-07:00
Hollywood	Mantovani	London Records	1967	2013-07-10T13:44:05-07:00
The New Ebb Tide	Frank Chacksfield & His Orchestra	London Records	1964	2013-09-12T14:03:45-07:00
Lute Songs	Julian Bream	London Records	1981	2013-05-24T08:03:25-07:00
Shostakovich String Quartet No. 10 Op. 118 / Berg String Quartet Op. 3	Dmitri Shostakovich	London Records	0	2013-06-07T15:28:47-07:00
A George Gershwin Festival	George Gershwin	Longines Symphonette Society	0	2014-02-18T16:37:36-08:00
A Cole Porter Festival	Cole Porter	Longines Symphonette Society	0	2013-10-31T09:46:43-07:00
A Jerome Kern Festival	Jerome Kern	Longines Symphonette Society	0	2014-05-01T17:52:39-07:00
Hell On Earth	Mobb Deep	Loud Records	1996	2013-05-17T08:58:10-07:00
Presents... Beats, Rhymes & Battles Vol.1	Red Alert	Loud Records	2001	2013-04-28T07:51:02-07:00
Bean Blossom '79	Bill Monroe	MCA Records	1980	2015-06-01T13:00:04-07:00
Bill Monroe And Stars Of The Bluegrass Hall Of Fame	Bill Monroe	MCA Records	1985	2015-10-18T11:28:26-07:00
Bloch — Concerto Grosso No. 1 / Schoenberg — Five Pieces For Orchestra	Ernest Bloch	Mercury	1975	2013-06-19T12:48:35-07:00
Blackout	Scorpions	Mercury	1982	2014-02-22T15:21:31-08:00
In The Aeroplane Over The Sea	Neutral Milk Hotel	Merge Records	1998	2013-05-20T07:44:03-07:00
Panoramic Glass And Mirror	Gerritt	Misanthropic Agenda	2010	2013-05-30T13:03:20-07:00
John Cage Meets Sun Ra  The Complete Concert   June 8, 1986  Coney Island, NY	John Cage	Modern Harmonic	2016	2016-12-10T14:09:57-08:00
Passed Me By	Andy Stott	Modern Love	2012	2013-04-22T13:30:08-07:00
We Stay Together	Andy Stott	Modern Love	2012	2013-04-22T13:20:54-07:00
Luxury Problems	Andy Stott	Modern Love	2012	2013-04-29T09:30:42-07:00
Steve Reich At UC Berkeley University Museum 11.7.1970	Steve Reich	modern silence	2016	2016-11-06T18:16:25-08:00
Symphonie Pour Un Homme Seul / Concerto Des Ambiguïtés	Pierre Schaeffer	modern silence	2016	2016-11-27T11:17:07-08:00
Studie I / Studie II / Gesang der Junglinge / Zyklus fur zwei Schlagzeugern	Karlheinz Stockhausen	modern silence	2016	2016-11-06T16:10:45-08:00
Beton-Studie / Zeitmass Fur Funf Holzblaser / Klavierstuck XI	Karlheinz Stockhausen	modern silence	2016	2016-11-12T13:59:38-08:00
The 25-Year Retrospective Concert Of The Music Of John Cage	John Cage	modern silence	2016	2016-09-03T15:13:38-07:00
Musique Concrète	Various	modern silence	2016	2016-11-06T13:39:35-08:00
All The Great Hits	Commodores	Motown	1982	2015-12-27T15:14:02-08:00
Daft Jarring Effects	Contagious Orgasm	Multi National Disaster Records	2004	2013-06-07T07:35:43-07:00
Pay It All Back Volume 2	Various	Nettwerk	1988	2013-05-14T16:01:04-07:00
Americana / The Odes Of Shang / To Music	Randall Thompson	New World Records	1977	2013-06-21T15:32:36-07:00
Chamber Music By Lou Harrison, Ben Weber, Lukas Foss, Ingolf Dahl	Various	New World Records	1976	2016-03-06T15:23:11-08:00
Works By: Henry Cowell / Wallingford Riegger / John J. Becker / Ruth Crawford Seeger	Henry Cowell	New World Records	1978	2016-05-30T14:36:00-07:00
Parnassus Plays Works By Stefan Wolpe, Mario Davidovsky, Charles Wuorinen, Erik Lundborg, David Olan	Parnassus (2)	New World Records	1980	2016-04-10T17:59:02-07:00
Piano Works	George Perle	New World Records	1987	2017-02-03T17:16:12-08:00
Piano Concerto / Variations For Orchestra	Elliott Carter	New World Records	1986	2017-05-06T14:03:45-07:00
Concerto For Piano And Orchestra · The Head Of The Bed	Milton Babbitt	New World Records	1987	2017-01-01T09:50:11-08:00
Testicle Difficulties	The Broken Penis Orchestra	Nihilist	2005	2013-04-28T07:35:13-07:00
Two On A Match	Carlos Giffoni	No Fun Productions	2009	2013-04-28T10:48:28-07:00
I Am Real	Carlos Giffoni	No Fun Productions	2005	2013-05-13T10:52:00-07:00
Streichquartett Nr. 1 In F Moll Op. 10 / Rispetti E Strambotti Für Streichquartett	Paul Hindemith	Nonesuch	1968	2013-06-06T10:49:10-07:00
Serenade For Seven Instruments & Bass Voice, Op. 24	Arnold Schoenberg	Nonesuch	1976	2013-06-04T11:56:46-07:00
Concerto For 3 Violins And Orchestra In D Major | Concerto For Flute, Violin, Harpsichord In A Minor	Johann Sebastian Bach	Nonesuch	1965	2013-05-22T10:36:49-07:00
Piano Sonata No. 1	Charles Ives	Nonesuch	1967	2013-05-22T14:16:17-07:00
5 Pieces For Orchestra / Cantata No. 1 / Dumbarton Oaks Concerto	Arnold Schoenberg	Nonesuch	1968	2013-10-16T12:59:04-07:00
Concerto For Prepared Piano & Orchestra / Baroque Variations	John Cage	Nonesuch	1968	2016-03-27T14:19:53-07:00
Spectrum: New American Music, Volume I	Fred Myrow	Nonesuch	1969	2013-05-14T08:12:58-07:00
Spectrum: New American Music, Volume II	Stefan Wolpe	Nonesuch	0	2013-05-14T10:59:21-07:00
Spectrum: New American Music Volume III	Jacob Druckman	Nonesuch	0	2013-06-03T13:12:41-07:00
HPSCHD / String Quartet No. 2	John Cage	Nonesuch	1969	2015-12-05T14:40:50-08:00
Time's Encomium (For Synthesized & Processed Synthesized Sound)	Charles Wuorinen	Nonesuch	1969	2013-05-15T07:03:19-07:00
The Nude Paper Sermon	Eric Salzman	Nonesuch	1969	2013-06-08T13:49:02-07:00
Sonata For Flute, Oboe, Cello & Harpsichord / Sonata For Cello & Piano	Elliott Carter	Nonesuch	1969	2013-04-21T16:47:25-07:00
Sonata For Flute, Oboe, Cello & Harpsichord / Sonata For Cello & Piano	Elliott Carter	Nonesuch	1969	2013-05-15T09:25:50-07:00
String Quartets Nos. 1 & 2	Elliott Carter	Nonesuch	1970	2015-04-26T12:04:25-07:00
Ancient Voices Of Children	George Crumb	Nonesuch	1971	2013-05-14T08:56:06-07:00
New Music For Organ	William Bolcom	Nonesuch	1971	2013-06-04T12:34:23-07:00
Chamber Concerto For Cello & 10 Players / Ringing Changes, For Percussion Ensemble	Charles Wuorinen	Nonesuch	1971	2013-04-22T09:55:23-07:00
Offrandes / Intégrales / Octandre / Ecuatorial	Edgard Varèse	Nonesuch	1972	2013-06-08T16:01:37-07:00
String Quartet / String Quartet No. 5 / String Quartet No. 2	Ruth Crawford Seeger	Nonesuch	1973	2015-12-13T19:27:46-08:00
String Quartet No. 3	George Rochberg	Nonesuch	1973	2013-06-08T14:37:03-07:00
Eight Songs For A Mad King	Peter Maxwell Davies	Nonesuch	1973	2013-06-08T15:28:06-07:00
Music For Male Chorus	Leoš Janáček	Nonesuch	1973	2017-05-07T12:12:54-07:00
Notturno / Speculum Speculi	Donald Martino	Nonesuch	1974	2013-05-14T09:30:17-07:00
Spectrum: New American Music, Volume IV	Stefan Wolpe	Nonesuch	1974	2014-05-11T17:19:01-07:00
Spectrum: New American Music, Volume V	Milton Babbitt	Nonesuch	1974	2014-05-11T11:46:52-07:00
String Quartets Nos. 1 & 2	Charles Ives	Nonesuch	1975	2013-05-29T12:31:07-07:00
Piano Music	Arnold Schoenberg	Nonesuch	1975	2013-06-04T13:16:09-07:00
Double Concerto For Harpsichord And Piano With Two Chamber Orchestras / Duo For Violin And Piano	Elliott Carter	Nonesuch	0	2013-04-21T16:39:18-07:00
Double Concerto For Harpsichord And Piano With Two Chamber Orchestras / Duo For Violin And Piano	Elliott Carter	Nonesuch	0	2013-08-26T17:29:08-07:00
Piano Music	Darius Milhaud	Nonesuch	1975	2017-05-07T15:44:48-07:00
String Trio / Bearbeitungen Über Das Glogauer Liederbuch / Grand Bamboula	Charles Wuorinen	Nonesuch	1975	2013-04-22T09:35:04-07:00
Etudes For Piano, Books I & II	Claude Debussy	Nonesuch	1976	2013-06-03T12:07:39-07:00
Piano Etudes	Béla Bartók	Nonesuch	1976	2013-06-04T11:02:35-07:00
Piano Sonata No. 2 Concord, Mass., 1840-60	Charles Ives	Nonesuch	1977	2013-06-01T17:09:31-07:00
Music For Two Pianos & Piano Four Hands	Igor Stravinsky	Nonesuch	1978	2013-06-01T13:44:41-07:00
New American Music For Chamber Ensemble	John Heiss	Nonesuch	1978	2013-06-06T07:30:19-07:00
Percussion Symphony	Charles Wuorinen	Nonesuch	1978	2016-05-06T14:06:47-07:00
Images (1894) • Estampes • Images, Series I & II	Claude Debussy	Nonesuch	1979	2013-06-06T14:03:18-07:00
Triple Concerto / Arie Da Capo	Donald Martino	Nonesuch	1980	2013-05-15T07:35:38-07:00
Preludes For Piano - Books I & II	Claude Debussy	Nonesuch	1978	2013-06-01T14:33:03-07:00
Twentieth-Century Flute Music (Works By Berio, Davidovsky, Fukushima, Levy, Reynolds, Roussakis, Trombly, Varèse, Westergaard, Wuorinen)	Harvey Sollberger	Nonesuch	1975	2014-06-07T12:50:01-07:00
A Solo Requiem / Haiku Settings • Filigree Setting • Three Synthesizer Settings	Milton Babbitt	Nonesuch	1981	2016-04-10T12:20:38-07:00
Triple Duo • In Sleep,  In Thunder · 	Elliott Carter	Nonesuch Digital	1986	2016-04-09T15:15:06-07:00
Night Fantasies · Piano Sonata	Elliott Carter	Nonesuch	1983	2016-04-16T10:48:12-07:00
(((GRRRLS)))	Parenthetical Girls	Not On Label (Parenthetical Girls Self-released)	2004	2014-02-18T16:31:50-08:00
Pierrot Lunaire Op. 21	Arnold Schoenberg	Odyssey	1974	2013-04-22T07:14:35-07:00
Mikrokosmos; Contrasts	Béla Bartók	Odyssey	0	2013-05-21T13:32:47-07:00
Diversions 1994-1996	Lee Gamble	Pan (3)	2013	2013-04-22T09:15:44-07:00
Traditional Music Of Notional Species Vol. I	Rashad Becker	Pan (3)	2013	2013-10-10T13:17:20-07:00
The Hollow Organ	Helm (2)	Pan (3)	2014	2014-05-26T12:06:14-07:00
Circuitous	Afrikan Sciences	Pan (3)	2014	2015-02-17T20:55:11-08:00
Olympic Mess	Helm (2)	Pan (3)	2015	2015-06-27T20:44:00-07:00
Traditional Music of Notional Species Vol. II	Rashad Becker	Pan (3)	2016	2016-12-24T14:26:35-08:00
Fanfare And Contrapunctus / Imago	Trevor Wishart	Pan (3)	2010	2013-04-28T08:08:00-07:00
Venexia	Mika Vainio	Pan (3)	2012	2017-05-14T15:43:47-07:00
Grapes And Snakes	Aaron Dilloway	Pan (3)	2012	2013-04-21T18:50:08-07:00
Blaster	James Hoff	Pan (3)	2014	2014-11-01T10:14:30-07:00
C-Section	John Wiese	Pan (3)	2010	2013-04-28T07:28:43-07:00
Semikolon	Lars-Gunnar Bodin	Paradigm Discs	2013	2014-11-08T12:30:07-08:00
Curse Go Back	William S. Burroughs	Paradigm Discs	2016	2016-12-11T11:19:45-08:00
Getting Rid Of The Glue	Various	Pendu Sound Recordings	2006	2013-04-28T10:45:51-07:00
Getting Rid Of The Glue	Various	Pendu Sound Recordings	2006	2013-04-28T10:58:07-07:00
The Excusable Earthling	Talibam!	Pendu Sound Recordings	2007	2013-04-28T10:59:13-07:00
Différences / Sequenza III / Sequenza VII / Due Pezzi / Chamber Music	Luciano Berio	Philips	1970	2015-12-06T10:19:25-08:00
Symphonies Nos. 5 And 7	Jean Sibelius	Philips	1975	2013-06-04T14:16:53-07:00
Moses Und Aron	Arnold Schoenberg	Philips	1974	2013-04-29T14:06:48-07:00
Symphony No. 1, Finlandia	Jean Sibelius	Philips	1976	2013-06-03T07:40:22-07:00
Fingers, Bank Pads, And Shoe Prints	RP Boo	Planet Mu	2015	2016-12-10T17:19:01-08:00
Waldgeschichten 2	Pole	Pole	2011	2013-04-22T13:18:05-07:00
Waldgeschichten 3	Pole	Pole	2012	2013-04-22T13:18:29-07:00
Building 27 WNP-5	Seattle Phonographers Union	Prefecture Music	2013	2014-07-12T11:25:34-07:00
Dub To Africa	Prince Far I & The Arabs	Pressure Sounds	1995	2014-02-22T15:22:40-08:00
Cry Tuff Dub Encounter Chapter 3	Prince Far I	Pressure Sounds	1996	2014-02-18T16:44:48-08:00
Kool Roots	Earth And Stone	Pressure Sounds	1996	2014-05-01T17:54:12-07:00
Bari Workshop	Marcus Schmickler	Presto!?	2011	2013-05-16T08:14:04-07:00
Solo Voice I-X	C. Spencer Yeh	Primary Information	2015	2016-12-11T12:09:29-08:00
Joins The Guitar Underground	Tony Mottola	Project 3 Total Sound	1969	2013-09-26T14:22:41-07:00
Electronics Without Tears	Frederick Judd	Public Information	2012	2013-04-22T12:28:52-07:00
Interpretations On F.C. Judd	Various	Public Information	2013	2014-02-18T16:34:18-08:00
Accidental Guitars	Geoff Mullen	R.E.L Records	2011	2013-05-16T08:48:28-07:00
Tarantismo Summit Volume #1	Various	Rampage Recordings	2008	2013-04-28T10:47:15-07:00
Hip, Hop, Be Bop (Don't Stop)	Man Parrish	Rams Horn Records	1983	2015-12-26T11:26:47-08:00
Univrs	Alva Noto	Raster-Noton	2011	2013-05-14T09:28:13-07:00
John Denver's Greatest Hits	John Denver	RCA	1973	2013-07-12T14:50:12-07:00
Greatest Hits	Dolly Parton	RCA	1982	2013-05-22T08:11:17-07:00
Real Love	Dolly Parton	RCA	1985	2013-05-16T09:45:34-07:00
Julian And John / 2	Julian Bream	RCA Red Seal	1974	2013-05-24T13:22:14-07:00
My Favorite Spanish Encores	Andrés Segovia	RCA Red Seal	1974	2013-05-23T08:49:19-07:00
The Intimate Guitar	Andrés Segovia	RCA Red Seal	1975	2013-05-30T10:20:41-07:00
Julian Bream And Friends	Julian Bream	RCA Red Seal	0	2013-05-29T10:51:09-07:00
The Best Of Mario Lanza Volume 2	Mario Lanza	RCA Red Seal	1968	2013-07-24T09:24:34-07:00
Epifanie And Folk Songs	Luciano Berio	RCA Red Seal	1971	2016-05-30T15:30:51-07:00
Burgers And Fries.  When I Stop Leaving (I'll Be Gone)	Charley Pride	RCA Victor	1978	2016-01-16T15:44:33-08:00
Without Her	Jack Jones	RCA Victor	1969	2013-10-02T14:50:15-07:00
The Student Prince	Mario Lanza	RCA Victor Red Seal	1960	2013-09-26T13:31:52-07:00
Baroque Guitar	Julian Bream	RCA Victor Red Seal	1966	2013-05-29T09:07:09-07:00
Lute Music From The Royal Courts Of Europe	Julian Bream	RCA Victor Red Seal	1966	2014-05-26T15:32:43-07:00
Piano Concerto / As Quiet As	Elliott Carter	RCA Victor Red Seal	1968	2016-05-06T11:18:26-07:00
Masters Of The Guitar, Vol. 1	Ida Presti	RCA Victor Red Seal	1964	2013-05-29T14:19:50-07:00
The Best Of Mario Lanza	Mario Lanza	RCA Victor Red Seal	1964	2013-07-23T10:07:39-07:00
Windsong	John Denver	RCA	1975	2013-07-12T16:41:18-07:00
Le Trièdre Fertile	Pierre Schaeffer	Recollection GRM	2012	2013-05-19T09:33:38-07:00
Granulations-Sillages / Franges Du Signe	Guy Reibel	Recollection GRM	2012	2013-04-29T09:46:29-07:00
L'Œil Écoute / Dedans-Dehors	Bernard Parmegiani	Recollection GRM	2012	2013-05-22T07:42:05-07:00
Traces One	Various	Recollection GRM	2012	2013-06-20T10:15:15-07:00
Presque Rien	Luc Ferrari	Recollection GRM	2012	2013-05-17T09:45:59-07:00
Triola Ou Symphonie Pour Moi-Même	Ivo Malec	Recollection GRM	2012	2013-05-17T09:43:32-07:00
GRM Works 1957-1962	Iannis Xenakis	Recollection GRM	2013	2013-05-19T10:29:50-07:00
Traces Two	Various	Recollection GRM	2013	2013-06-04T08:45:04-07:00
De Natura Sonorum	Bernard Parmegiani	Recollection GRM	2013	2013-08-24T15:45:23-07:00
L'Expérience Acoustique	François Bayle	Recollection GRM	2013	2013-10-11T12:52:44-07:00
Music From Computer	Jean-Claude Risset	Recollection GRM	2014	2014-05-01T17:47:53-07:00
Traces Three	Various	Recollection GRM	2014	2014-07-13T17:41:21-07:00
Pacific Tubular Waves / Immersion	Michel Redolfi	Recollection GRM	2015	2015-05-03T14:47:00-07:00
GRM Works	Beatriz Ferreyra	Recollection GRM	2015	2015-08-29T12:35:28-07:00
Erda / Suite N	Jean Schwarz	Recollection GRM	2016	2016-05-08T16:57:40-07:00
Hétérozygote / Petite Symphonie...	Luc Ferrari	Recollection GRM	2017	2017-03-31T12:56:09-07:00
Rejuvenation	The Meters	Reprise Records	1974	2013-05-15T10:08:00-07:00
…And Shiva Came For Charlie	Various	Ri Be Xibalba	2008	2014-02-18T16:32:54-08:00
Roman Guitar	Al Caiola	Roulette	1968	2013-07-10T13:03:57-07:00
New Secret	Can't	RRRecords	2005	2013-04-28T08:14:21-07:00
The 7 That Fucks Like A 12	The Earwigs	RRRecords	2007	2013-06-07T08:55:19-07:00
Self Esteem	Halflings	RRRecords	2009	2013-04-28T10:40:27-07:00
RRR-1000 Lock Grooves	Various	RRRecords	2009	2013-04-28T11:02:14-07:00
Revival Of The Wretch	Clang Quartet	RRRecords	2007	2013-05-13T10:48:47-07:00
Future With No Chance	Jason Crumer	RRRecords	2007	2013-04-28T07:34:09-07:00
FRKWYS, Vol. 6	Julianna Barwick	Rvng Intl.	2011	2013-05-15T12:53:49-07:00
Imperfection Of The Organism	Panicsville	Scratch And Sniff Entertainment	2003	2013-05-13T10:54:39-07:00
Crippled Sloth	Cotton Museum	Scratch And Sniff Entertainment	2004	2013-04-28T11:00:25-07:00
Music Of Group Ongaku	Group Ongaku	Seer Sound Archive	2011	2013-04-28T10:42:19-07:00
Demon Seed	Scuba Death	Semata Productions	2011	2013-05-16T09:18:09-07:00
Sylvia Marlowe Plays Harpsichord Music Of The 20th Century	Sylvia Marlowe	Serenus	1974	2016-07-04T16:01:57-07:00
Fleeing From The City	Yabby You	Shanachie	1985	2014-05-01T18:06:36-07:00
Going To The Chapel	Yellowman	Shanachie	1986	2013-05-17T07:32:10-07:00
Don't Burn It Down	Yellowman	Shanachie	1988	2013-05-16T13:40:21-07:00
Carrion Hut	Dylan Nyoukis	Singing Knives	2011	2013-04-22T08:09:04-07:00
Tplay,1:5	Snd	Snd	2014	2014-08-09T11:06:58-07:00
Travelog	Snd	Snd	2014	2014-09-06T12:04:23-07:00
Newtables	Snd	Snd	2014	2014-09-06T12:03:38-07:00
The Age Of Aquarius	The Fifth Dimension	Soul City (2)	1969	2013-07-08T12:38:31-07:00
The Long Awaited Mega EP	Specs One	soultheft records	2005	2013-05-19T14:49:53-07:00
The Impossible Humane	Mixed Band Philanthropist	Staubgold	2014	2014-08-09T11:33:48-07:00
Codiaeum Variegatum	Anne Guthrie	Students Of Decay	2014	2014-05-01T17:56:45-07:00
At The Grass Roots Of Dub	King Tubby	Studio 16	0	2014-02-22T15:26:41-08:00
An Anthology Of Noise & Electronic Music / Third A-Chronology 1952-2004	Various	Sub Rosa	2016	2016-11-25T18:39:42-08:00
An Anthology Of Noise & Electronic Music / First A-Chronology Volume #1	Various	Sub Rosa	2009	2013-04-28T07:37:30-07:00
Break Through In Grey Room	William S. Burroughs	Sub Rosa	2013	2014-02-18T16:41:24-08:00
An Anthology Of Noise & Electronic Music / Second A-Chronology Volume 2	Various	Sub Rosa	2010	2013-04-28T08:04:46-07:00
Filters, Oscillators & Envelopes 1967-75	Don Preston	Sub Rosa	2012	2013-04-21T16:45:50-07:00
Electronic Works & Voices 1961-1979	Leo Küpper	Sub Rosa	2013	2014-08-17T12:02:06-07:00
Programme Commun	Luc Ferrari	Sub Rosa	2013	2013-10-05T16:24:15-07:00
New York Electronic, 1965	Angus MacLise	Sub Rosa	2014	2014-07-19T15:30:21-07:00
Film Scores	Lori Goldston	Sub Rosa	2013	2013-10-05T18:47:05-07:00
Early Electronic And Tape Music	John Cage	Sub Rosa	2014	2014-05-11T14:44:15-07:00
Les Couleurs De La Nuit	François Bayle	Sub Rosa	2013	2014-02-18T16:43:30-08:00
Analog and Digital Electronic Music 1978-80	André Stordeur	Sub Rosa	2015	2015-08-22T16:01:13-07:00
Electronic Explorations From His Studio + BBC Radiophonic Workshop 1958-1967	Roberto Gerhard	Sub Rosa	2014	2016-05-30T16:24:58-07:00
Red Bird: A Political Prisoner's Dream	Trevor Wishart	Sub Rosa	2015	2015-02-17T20:53:18-08:00
Early Experimental Electronic Music 1954-72	Henri Pousseur	Sub Rosa	2016	2016-02-20T15:24:25-08:00
Desert Tracks	Michel Redolfi	Sub Rosa	2016	2016-12-10T12:41:09-08:00
Analog And Digital Electronic Music #2 1980-2000 	André Stordeur	Sub Rosa	2016	2017-02-04T15:37:50-08:00
Tinguely 1967	Luc Ferrari	Sub Rosa	2017	2017-04-23T16:08:26-07:00
Electronic Music 1960-1973	Bülent Arel	Sub Rosa	2017	2017-03-26T15:49:23-07:00
Broken Hearted Dragonflies	Tucker Martine	Sublime Frequencies	2013	2014-06-07T13:27:00-07:00
Material	Emptyset	Subtext	2013	2014-05-01T18:24:37-07:00
Call Me Burroughs	William S. Burroughs	Superior Viaduct	2016	2016-04-09T16:27:51-07:00
Hard Time Empty Bottle Blues (1-4)	John Fahey	Table Of The Elements	2003	2013-05-17T11:41:45-07:00
GGA	John Wiese	Teenage Teardrops	2011	2013-05-29T13:22:03-07:00
Tortoise	Tortoise	Thrill Jockey	1994	2014-05-01T18:21:37-07:00
O	Oval	Thrill Jockey	2010	2013-04-22T13:23:36-07:00
Millions Now Living Will Never Die	Tortoise	Thrill Jockey	1996	2014-05-01T18:00:41-07:00
The Best Of Lightnin' Hopkins	Lightnin' Hopkins	Tradition Everest	1973	2013-04-25T14:25:30-07:00
Cry Tuff Dub Encounter Chapter IV	Prince Far I & The Arabs	Trojan Records	1981	2014-05-01T18:04:05-07:00
Bach Organ Works	Anthony Newman	Turnabout	1976	2013-05-21T09:58:39-07:00
The Goldberg Variations	Johann Sebastian Bach	Turnabout	1966	2013-06-04T15:14:00-07:00
Electronic Music	John Cage	Turnabout	1967	2015-11-01T12:21:23-08:00
Le Marteau Sans Maître	Pierre Boulez	Turnabout	1964	2016-12-24T14:25:52-08:00
A Timid Soul's Approach To Bartok	Béla Bartók	Turnabout	1967	2013-05-21T12:49:27-07:00
Pierrot Lunaire, Opus 21	Arnold Schoenberg	Turnabout	0	2013-04-21T17:32:01-07:00
Madrigals	George Crumb	Turnabout	1973	2017-05-07T14:41:41-07:00
Verklärte Nacht / Lyric Suite	Ramor Quartet	Turnabout	1979	2013-04-21T18:18:16-07:00
Lyric Suite  For String Quartet / String Quartet, Op. 3	Alban Berg	Turnabout	1965	2013-06-07T14:35:41-07:00
Modern French Organ Music	André Isoir	Turnabout	0	2016-05-28T17:27:50-07:00
More Fun Than An Open Casket Funeral	The Accüsed	Unrest Records	2011	2013-04-28T08:12:03-07:00
Electronic Music From The Seventies And Eighties	Carl Stone	Unseen Worlds	2016	2017-04-09T12:22:14-07:00
Concertino, Mladi (Youth), In The Mist	Leoš Janáček	Vanguard	0	2016-06-17T11:33:45-07:00
Versions	Vote Robot	Vegas p	1999	2014-02-22T15:19:36-08:00
Here And Now	Richard Pryor	Warner Bros. Records	1983	2015-12-27T14:19:44-08:00
Grateful Dead	The Grateful Dead	Warner Bros. Records	0	2013-04-28T08:27:35-07:00
One In A Million You	Larry Graham	Warner Bros. Records	1980	2016-07-02T10:44:04-07:00
Workingman's Dead	The Grateful Dead	Warner Bros. Records	1975	2013-04-28T08:34:50-07:00
Tri Repetae	Autechre	Warp Records	2016	2016-11-24T14:02:54-08:00
Sor: 20 Studies For Guitar	John Williams (7)	Westminster Gold	1970	2013-05-22T12:32:54-07:00
Love Is Hard	Honey (38)	Wharf Cat Records	2016	2016-11-06T10:11:32-08:00
Java	Jim Collier (3)	Wyncote	1964	2013-10-03T13:01:06-07:00
The Oram Tapes: Volume One	Daphne Oram	Young Americans	2011	2013-04-28T07:56:03-07:00
